Review,Sentiment
I loved this movie! It was so heartwarming.,Positive
The acting was terrible and the plot was boring.,Negative
What a fantastic film! I was on the edge of my seat.,Positive
This is the worst movie I've ever seen.,Negative
The cinematography was stunning.,Positive
The dialogue was cringeworthy.,Negative
I couldn't stop laughing throughout the movie.,Positive
The pacing was way too slow.,Negative
Absolutely brilliant! I highly recommend it.,Positive
I regret watching this movie.,Negative
The characters were well-developed and relatable.,Positive
I couldn't understand the plot at all.,Negative
An amazing masterpiece! A must-watch.,Positive
The special effects were disappointing.,Negative
This movie bored me to tears.,Negative
A riveting and engaging story!,Positive
The humor fell flat and felt forced.,Negative
I was moved to tears by the ending.,Positive
The writing was lazy and uninspired.,Negative
A feel-good movie that warms the heart.,Positive
I can't believe I wasted time watching this.,Negative
The performances were outstanding!,Positive
This is a waste of money.,Negative
I can't wait to watch it again!,Positive
The direction was all over the place.,Negative
